71119;2020-07-27;2020-11-30;;;Вернулся из Континент 30.11.2020.
76678;2020-07-27;2020-11-30;;;Вернулся из Континент 30.11.2020.
75004;2020-07-27;2020-11-30;;;Вернулся из Континент 30.11.2020.
75197;2020-07-27;2020-11-30;;;Вернулся из Континент 30.11.2020.
75407;2020-07-27;2020-11-30;;;Вернулся из Континент 30.11.2020.
72105;2020-07-27;2020-11-30;;;Вернулся из Континент 30.11.2020.
75408;2020-07-27;2020-11-30;;;Вернулся из Континент 30.11.2020.
75409;2020-07-27;2020-11-30;;;Вернулся из Континент 30.11.2020.
73913;2020-07-27;2020-11-30;;;Вернулся из Континент 30.11.2020.
66716;2020-07-27;2020-11-30;;;Вернулся из Континент 30.11.2020.
77467;2020-07-27;2020-11-30;;;Вернулся из Континент 30.11.2020.
61259;2020-07-27;2020-11-30;;;Вернулся из Континент 30.11.2020.
77306;2020-07-27;2020-11-30;;;Вернулся из Континент 30.11.2020.
76650;2020-07-27;2020-11-30;;;Вернулся из Континент 30.11.2020.
76041;2020-07-27;2020-11-30;;;Вернулся из Континент 30.11.2020.
73064;2020-07-27;2020-11-30;;;Вернулся из Континент 30.11.2020.
77743;2020-12-11;2020-12-28;;;Отправлен в Континент 11.12.2020
81273;2020-12-11;2020-12-28;;;
79917;2020-12-11;2020-12-28;;;
80696;2020-12-11;2020-12-28;;;
81040;2020-12-11;2020-12-28;;;
81778;2020-12-11;2020-12-28;;;
80697;2020-12-30;2021-03-09;;;
81592;2020-12-30;2021-03-09;;;
81905;2020-12-30;2021-03-09;;;
63953;2020-12-30;2021-03-09;;;
67217;2020-12-30;2021-03-09;;;
80734;2021-02-12;2021-06-21;;;
80182;2021-02-12;2021-04-02;;;
82605;2021-02-12;2021-06-21;;;
78816;2021-02-12;2021-06-21;;;
82006;2021-02-12;2021-06-21;;;
81824;2021-02-12;2021-06-21;;;
82234;2021-02-12;2021-06-21;;;
83169;2021-03-12;2021-06-21;;;
83040;2021-03-12;2021-06-21;;;
82769;2021-03-12;2021-06-21;;;
83384;2021-03-12;2021-06-21;;;
83592;2021-03-12;2021-06-21;;;
70287;;2021-06-21;;;
82723;;;;;
83857;2021-12-10;2022-01-17;;;
83168;2021-12-10;2022-01-17;;;
84248;2021-12-10;2022-01-17;;;
83515;2021-12-10;2022-01-17;;;
91478;2021-12-10;2022-01-17;;;
80731;2021-12-10;2022-01-17;;;
91141;2021-12-10;2022-01-17;;;
91390;2021-12-10;2022-01-17;;;
81672;2021-12-10;2022-01-17;;;
91512;2021-12-10;2022-01-17;;;
