76569;;2020-07-30;;;
75765;2020-05-08;2020-10-21;;;
76446;2020-05-08;2020-10-21;;;
78194;2020-08-19;2020-09-18;;;
77244;2020-08-19;2020-09-18;;;
78563;2020-08-19;2020-09-18;;;
78677;2020-08-19;2020-09-18;;;
79018;2020-08-19;2020-09-18;;;
80919;2020-10-27;2021-01-26;;; Вернулся из Гамем 26.01.2021.
80264;2020-10-27;2021-01-26;;;
80485;2020-10-27;2021-01-26;;;
80507;2020-10-27;2021-01-26;;;
80636;2020-10-27;2021-01-26;;;
81910;2021-01-26;2021-04-01;;;
80885;2021-01-26;2021-04-01;;;
81554;2021-01-26;2021-04-01;;;
81589;2021-01-26;;;;
84578;2021-05-19;2021-07-02;;;
84875;2021-05-19;2021-07-02;;;
86163;2021-07-02;2021-07-07;;;
86995;2021-07-02;2021-07-07;;;
86304;2021-07-02;2021-07-07;;;
88469;2021-08-04;2021-09-14;;;
88253;2021-08-04;2021-09-14;;;
87339;2021-08-04;2021-09-14;;;
89130;2021-09-14;2021-11-12;;;
89152;2021-09-14;2021-11-12;;;
89575;2021-09-14;2021-11-12;;;
90642;2021-11-12;2021-12-01;;;
90304;2021-11-12;2021-12-01;;;
90375;2021-11-30;2021-12-11;;;Без гарантийного письма.
92195;2021-12-27;2022-01-18;;;
92103;2021-12-27;2022-01-18;;;
91976;2021-12-27;2022-01-18;;;
