68410;;2020-10-16;;;
71508;;2020-10-16;;;
72009;;2020-10-16;;;
50618;;2020-10-16;;;
70070;;2020-10-16;;;
65242;;2020-10-16;;;
65471;;2020-10-16;;;
68409;;2020-10-16;;;
76065;2020-08-27;2020-10-16;;;
76901;2020-08-27;2020-11-23;;;
78644;2020-08-27;2020-11-23;;;
76422;2020-08-27;2020-10-16;;;Гарантийный.
79280;2020-08-27;2020-10-16;;;Гарантийный.
80586;2020-10-16;2020-11-17;;;
53676;;2020-11-23;;;
66478;;2020-11-23;;;
44356;;2020-11-23;;;
67913;;2020-11-23;;;
50454;;2020-11-23;;;
68760;;2020-11-23;;;
78027;2020-11-23;2020-12-28;;;
80637;2020-11-23;2020-12-28;;;
81422;2020-11-23;2020-12-28;;;Гарантийный.
82581;2021-03-11;2021-06-07;;;
82250;2021-03-11;2021-06-07;;;
82570;2021-03-11;2021-06-07;;;Гарантийный.
83069;2021-03-11;2021-06-07;;;
87251;2021-08-06;2021-09-07;;;
87004;2021-08-06;2021-09-07;;;
85411;2021-08-06;2021-09-07;;;
87429;2021-08-06;;;;
87607;2021-08-06;2021-09-07;;;
89160;2021-10-12;2021-11-17;;;Забрали без оплаты.
89715;2021-10-12;;;;
